{"Setting":{"AutoRejoin":false,"Distance":5,"WhiteScreen":false,"FpsLock":false,"DiscordJoin":true,"FpsCap":120},"Main2":{"AutoAccess":false,"SelectWeapon":"None","AutoUpdateWeapon":false,"EquipItem":false,"SelectAccess":"None"},"Extra":{"DNOCD":false,"Fruit Position":true,"Invisible":false,"DamageDeleted":false,"VisibleCombo":true,"GeppoInf":false,"EffectDeleted":false,"GeppoBypass":false,"VisibleGeppo":true},"QuestCheck":{"new_table":11},"GhostShip":{"HopServer":false,"CollectChest":false,"Attack":false},"SeaMonster":{"HopServer":false,"CollectChest":false,"Attack":false},"Boss":{"SkillX":false,"AutoBisento":false,"HopServer":false,"AutoKriss":false,"SkillV":false,"SkillC":false,"SkillZ":false,"AutoMrsMother":false,"AutoKingSamurai":false,"AutoJitter":false,"AutoPole":false,"AutoAdventureKnife":false,"AutoXmasBlade":false,"AutoKaido":false},"Main":{"Ken":false,"FarmType":"Level","New World":false,"SkillX":false,"AutoFarm":false,"FarmMethod":"Default","SkillZ":false,"SkillV":false,"Buso":false,"SkillC":false},"Raid":{"Hp Set":10,"RaidFarm":false,"EquipAllItem":false,"InstantLeave":false,"SkillZ":false,"Safe":false,"difficulty":"Easy","SkillX":false,"SkillV":false,"SkillC":false},"GhostShip_SeaMonster":{"SkillX":false,"SkillV":false,"SkillC":false,"SkillZ":false},"Stat":{"PowerFruit":false,"DefenseUpto":4250,"Melee":false,"MeleeUpto":4250,"Defense":false,"PowerFruitUpto":4250,"SwordUpto":4250,"Sword":false},"DevilFruit":{"Select":"None","AutoBuy":false,"GrabAllFruit":false}}