{"HoldSkillZ":0.1,"AutoSetSpawn":false,"AutoRaidF":false,"WearAccessory":false,"SelectedFruitRaid":"","farmBounty":false,"AutoSaveTime":30,"AutoFarm":false,"FarmObservation":false,"PercentBack":15,"AutoClick":false,"HoldSkillX":0.1,"Mob_Selected":"","FastAttack":true,"FruitSniped":"","BringMob":true,"FarmMove":"Normal Tween","FarmBoss":false,"AutoKen":false,"HoldSkillC":0.1,"NoStun":false,"HoldSkillV":0.1,"AutoSave":true,"UseSkillX":true,"AutoSword":false,"FarmMob":false,"UseSkillC":true,"HitboxSize":50,"AutoDropFruit":false,"AutoHopTime":300,"Material_Selected":"","RemoveEffect":true,"AutoGun":false,"TimePassed":0,"DistanceFarm":30,"Material_Farm":false,"ViewHitbox":false,"BunnyHop":false,"UseSkillV":true,"FarmMobGun":false,"AutoStoreFruit":false,"TotalEarn":0,"BountyMethod":"Melee","SuperFastDelay":2,"AutoBuso":true,"FruitFarm":false,"NoClip":false,"AutoBuyFruitSnip":false,"TargetObject":{"ThirdSea":false,"FarmViceAdmiralCoat":false,"ZebraCap":false,"CursedSword":false,"GravityCane":false,"SencondSea":false,"Bazooka":false,"SerpentBow":false,"RaceV2":false,"AcidumRifle":false,"BuyHakiColor":false,"AutoSeaBeast":false,"SwanGlasses":false,"LegSword":false,"DoughV2":false,"BisentoV2":false,"RaceV3":false,"Trident":false,"TTKatana":false,"DeathStep":false,"AutoRandomSurprise":false,"CursedSword2":false,"FarmPinkCoat":false,"Chest":false,"TopHat":false,"Koko":false,"AutoPray":false,"DragonTrident":false,"SpikeyTrident":false,"ValkyrieHelmet":false,"Lei":false,"RainbowHaki":false,"AutoTryLuck":false,"Saber":false,"Farm500Mob":false,"HolyCrown":false,"CoolShades":false,"SupperHuman":false,"RefinedMusket":false,"Rengoku":false,"Elite":false,"Longsword":false,"PirateRaid":false,"Soulguitar":false,"RedSpikeyCoat":false,"WardenSword":false,"Factory":false,"PaleScarf":false,"CitizenQuest":false,"DarkDagger":false,"WarriorHelmet":false,"FarmPole":false,"PilotHelmet":false,"HallowScythe":false,"SharkSaw":false,"Ectoplasm":false,"ElectricClaw":false,"TwinHooks":false,"Canvander":false,"ColosseuQuest":false,"Jitte":false,"YoruV2":false,"BlueSpikeyCoat":false,"GodHuman":false,"DarkCoat":false,"BuddySword":false,"FarmBones":false,"Choppa":false},"UseFruit1M":false,"Boss_Selected":"","AutoBringFruit":true,"GunFarm":false,"UseSkillZ":true,"FarmOpeOpe":false,"AutoAwake":false,"SendWebhook":false,"InvisibleCharacter":false,"AutoMelee":false,"SelectedTool":"","SuperFastAttack":false,"AutoUseFruit":false,"CursedSwordQuest":"Evil Quest 1","AutoHopServer":false,"AutoDefense":false,"MethodFarm":"Single Quest","WebHook2":"","FarmBossGun":false,"WebHook":"","AimbotN":false,"AutoHopActive":false,"FarmMobFruit":false,"AutoBuyFruit":false,"AutoDf":false,"AllBoss":false,"FarmBossFruit":false}