{"Auto Farm All Boss":false,"Auto Melee":false,"Vampire Vang":false,"Auto Saber":false,"Auto Second Sea Quest":false,"Auto Farm Bounty":false,"Auto Pole V1":false,"Gun Powder":false,"Tween Fruit":false,"Toggle FPS":false,"Auto Pole V1 Hop":false,"Mini Tusk":false,"Mystic Droplets":false,"Fish Tail":false,"Pirate Raid":false,"ESP Island":false,"Demonic":false,"Level Lock":2400,"FPS Lock":120,"Distance Player":20,"Auto Hallow Hop":false,"Buy Fruit Sniper":false,"Inf Observation":false,"Auto DeathStep":false,"Auto Color":false,"Inf Geppo":false,"Auto Electric Claw":false,"Custom Fast Attack":0.155,"Auto Chest Hop":false,"Auto Katakuri":false,"Auto Farm Nearest":false,"Auto Gun":false,"Auto Buddy":false,"Auto Third Sea Quest":false,"Join Team":"Pirate","Insntant Chest":false,"Fast Farm Level":false,"Skill V":0.1,"FOV":55,"Auto Farm Observation V2":false,"Angel Wing":false,"Rejoin":false,"Radio Active":false,"Kill At":25,"Skill X":0.1,"Conjured Cocoa":false,"ESP Chest":false,"Distance Farm":25,"Toggle Fast Attack":true,"Skill C":0.1,"Mirage Island":false,"Lock Bounty":750000,"Auto Farm All Boss Hop":false,"Auto Superhuman":false,"Auto Defense":false,"Magma Ore":false,"Auto Sharkman Karate":false,"Inf Soru":false,"Auto Gitar":false,"Auto Black Beard Hop":false,"Leather and Scrap":false,"Auto Farm Swan Glasses Hop":false,"Fruit Sniper":"","Auto Buy Random Fruit":false,"Auto Farm Bounty Hop":false,"Auto Eat Select Fruit":false,"Double Quest":false,"God's Chalice":false,"ESP Player":false,"Auto Hallow":false,"FPS Boost":false,"Skill Z":0.1,"Stat Points":1,"Auto Farm Level":false,"Auto Dragon Talon":false,"Auto Dark Dagger":false,"Store Fruit":false,"Auto Legendary Sword Hop":false,"Auto Elite Hunter":false,"Bypass TP":false,"ESP Fruit":false,"Distance Mastery":40,"Auto Katakuri V2":false,"Auto Farm Bone":false,"All Boss":false,"Inf Energy":false,"Auto God Human":false,"Auto Farm Boss":false,"Auto Farm Swan Glasses":false,"Aimbot Skill":false,"FOV Toggle":false,"Lock Chest Slider":30,"Auto Elite God":false,"Fist Of Darkness":false,"Aimbot Gun":false,"Auto Chest":false,"Auto Farm Observation":false,"SFX":false,"Auto Legendary Sword":false,"Lock Chest":false,"Auto Saber Hop":false,"Dragon Scales":false,"Auto Random Suprise":false,"Auto Farm Observation Hop":false,"Inf Ability":false,"Auto Buddy Hop":false,"Auto Sword":false,"Auto Farm Factory":false,"Auto CDK":false,"Auto Farm Ectoplasm":false,"Auto Color Hop":false,"Grab Fruit":false,"Auto Devil Fruits":false,"Auto Black Beard":false,"Auto Elite Hop":false,"EatFruitHop":false,"Old Fast Attack":false,"Auto Dark Dagger Hop":false}