{"Auto Mrs. Mother":{"Option":"Normal","Active":false},"Auto Mom Blade":{"Option":"Normal","Active":false},"AutoBuyFruit":false,"Auto Stats":{"Sword":false,"Fruit":false,"Defense":false,"Melee":true},"FarmType":1,"Auto HellSword":{"Option":"Normal","Active":false},"Distance":5,"AutoNextSea":true,"ESP":{"Fruits":true,"Players":false},"AutoFarmLevel":false,"Bring Fruit":true,"Auto Kaido":{"Option":"Normal","Active":false},"AutoDungeon":false,"Auto SeaKing":{"Option":"Normal","Active":false},"Auto GhostShip":{"Option":"Normal","Active":false},"SelectFruitToBuying":"","Auto Expert Swordman":{"Option":"Normal","Active":false},"Other Setting":{"SelectSkill":["Z","X","C","V","B"],"LevelLockClose":false,"LevelCap":3400,"BusoHaki":true,"AutoSkill":true,"Auto BusoHaki":true},"WeaponType":["Melee"],"SelectDifficulty":"Easy"}