{"Auto_Farm_Ectoplasm":false,"Auto_Holy_Torch":false,"Auto_Electric_Claw":false,"Auto_Stats_Defense":false,"Point":1,"Auto_SharkMan_Karate":false,"Auto_Dragon_Trident":false,"Auto_Stats_Gun":false,"Auto_Farm_GunPowder":false,"Select_Player":"xxanujx","Auto_Cofetti":false,"Auto_Store_Fruit":false,"Extra_Fast_Attack":true,"Auto_Buy_Devil_Fruit":false,"Auto_Farm_Chest":false,"Auto_Dragon_Talon":false,"Select_Size_Fov":200,"Normal_Fast_Attack":true,"Show_Fov":false,"Auto_Open_Dough_Dungeon":false,"Auto_Trade_Bone":false,"Select_Health":20,"Auto_Farm_Level":false,"Auto_Soul_Reaper":false,"Select_Island":"Snow Island","Auto_Farm_Conjured_Cocoa":false,"Select_Boss":"nil","Auto_Kill_Player_Gun":false,"Infinit_Soru":false,"Auto_Farm_Mystic_Droplet":false,"Auto_God_Human":false,"Skill_V":true,"Auto_Superhuman":false,"Auto_Dragon_Trident_Hop":false,"Auto_Bring_Fruit":true,"Auto_Buy_Legendary_Sword":false,"Auto_Elite_Hunter":false,"Auto_Cake_Prince":false,"Auto_Start_Law_Dungeon":false,"Auto_Canvander_Hop":false,"Auto_Factory_Farm":false,"Auto_Musketeer_Hat":false,"Auto_Kill_Law":false,"Auto_Redeem_All_Code":true,"Auto_Farm_Angel_Wing":false,"Auto_Farm_Mini_Tusk":false,"Select_Weapon_Law_Raid":"Combat","Auto_Farm_Vampire_Fang":false,"Kill_Aura":false,"Skill_X":true,"Auto_Random_Fruit":false,"Select_Distance":30,"Start_Tween_Island":false,"Auto_Farm_Fish_Tail":false,"Auto_Buy_Law_Chip":false,"Auto_Farm_Magma_Ore":false,"Auto_Awake":false,"Auto_Evo_Race_V2":false,"Auto_Farm_Bone":false,"Auto_Next_Island":false,"Auto_Third_World":false,"Auto_Rainbow_Haki_Hop":false,"Auto_Rainbow_Haki":false,"Auto_Quest_Boss":true,"Auto_Fully_Superhuman":false,"Teleport_to_Player":false,"Auto_Kill_Player_Melee":false,"Infinit_Range_Observation_Haki":false,"Select_Bring_Mob_Mode":"Bring Mob [Extra]","Auto_Farm_All_Boss":false,"Auto_Pole_Hop":false,"Select_Level_to_Redeem_All_Code":32,"Infinit_Ability":false,"Dodge_No_CoolDown":true,"Auto_Swan_Glasses_Hop":false,"Auto_Twin_Hook_Hop":false,"Auto_Serpent_Bow":false,"Auto_Yama":false,"Auto_Fully_Death_Step":false,"Auto_New_World":false,"No_clip":false,"Auto_Farm_Scrap_and_Leather":false,"Auto_Stats_Sword":false,"Select_Mode_Farm":"Fast Mode","Auto_Stats_Kaitun":false,"Auto_Start_Dungeon":false,"Skill_Z":true,"Select_Weapon":"Combat","Auto_Canvander":false,"Auto_Fully_SharkMan_Karate":false,"Auto_Spawn_Cake_Prince":false,"Auto_Farm_Boss":false,"Auto_Saber_Hop":false,"Auto_Death_Step":false,"Auto_Farm_Chest_Hop":false,"Auto_Twin_Hook":false,"Auto_Swan_Glasses":false,"Auto_Serpent_Bow_Hop":false,"Auto_Stats_Devil_Fruit":false,"Auto_Buy_Chips_Dungeon":false,"Auto_Stats_Melee":true,"Auto_Soul_Reaper_Hop":false,"Auto_Farm_Dragon_Scales":false,"Auto_Buy_Enchancement":false,"Auto_Farm_Radioactive":false,"Infinit_Energy":true,"Auto_Rengoku":false,"Skill_C":true,"Auto_Set_Spawn":true,"Auto_Bartilo_Quest":false,"Infinit_SkyJump":false,"Auto_Pole":false,"Spectate_Player":false,"Auto_Elite_Hunter_Hop":false,"Auto_Saber":false}