{"autoupgrade":false,"autosell":false,"upgradecaptog":false,"autoinifnitetower":false,"selectmacro":"","SelectedUnits":{"U3":"","U2":"","U1":"","U4":""},"ignoredrewards":[],"autoplaymacro":false,"traitwebhook":false,"startupgradewave":1,"difficulty":"Normal","inftowermacros":{"magnolia":"","namek":"","aot":"","demonslayer":"","jjk":"","marineford":"","naruto":"","hxhant":"","clover_legend":"","clover":"","hueco":"","tokyo_ghoul":""},"ignoretiers":[],"autonextstory":false,"autoevolve":false,"targetnpctog":false,"usepotion":false,"world":"Planet Namak","togteamswip":false,"itemmerchanttarget":[],"challengemacros":{"magnolia":"","namek":"","aot":"","demonslayer":"","jjk":"","marineford":"","naruto":"","hxhant":"","clover_legend":"","clover":"","hueco":"","tokyo_ghoul":""},"UnitToSell":["Rare"],"autoopencapsules":false,"webhook":false,"Disable3d":false,"autobuymerchant":false,"teamswipchallenge":[],"autoabilities":false,"UnitSellTog":false,"unittrait":"","autoskip":false,"autoerwin":false,"NewSpawnUnitPos":{"lobby":{"UP1":{"y":0,"x":0,"z":0},"UP3":{"y":0,"x":0,"z":0},"UP2":{"y":0,"x":0,"z":0},"UP6":{"y":0,"x":0,"z":0},"UP5":{"y":0,"x":0,"z":0},"UP4":{"y":0,"x":0,"z":0}}},"autoredeemquest":false,"lastchallenge":0,"autotakemissionquest":false,"autofarm":false,"notifydiscord2":true,"AutoTrilher":false,"useitemsxp":["Devil Fruit"],"onlysommompity":false,"autowomb":false,"summonwebhook":false,"useticketsumom":false,"pingdiscord":false,"colorembed":"0, 0, 0","teamswipinf":[],"autostart":false,"autochallenge":false,"targetnpc":"","autotrait":false,"IgnoreCapsules":[],"autodelay":false,"ignoredificulti":[],"targettraits":[],"level":"Act 1 - Evil Elegance","autoleave":false,"upgradecap":{"UN4":8,"UN1":8,"UN2":8,"UN3":8},"evolveunit":"","hidename":false,"webhookurl":"","autoleavewave":false,"autosekilltar":"","webhookmerchant":false,"pingwebhookid":"","sellatwave":1,"leaveatwave":1,"autotakedailyquest":false,"ignoreworolds":[],"automission":false}