{"disableautojoiner":false,"autobuyspins":false,"autodeleteblocks":false,"mineaurastart":0,"autoequipbesttool":false,"autospin":false,"autoload":false,"autoore":false,"autoequipbestbackpack":false,"collapseprotection":false,"nohatchanim":false,"automine":false,"autocollapseserverhop":false,"selectedcrates":[],"togglekey":"RightControl","statswebhook":false,"autoequipbestpet":false,"autoclaimquests":false,"disablerendering":false,"autoopencrates":false,"autobuycrates":false,"autotile":false,"autooreselected":["coal"],"autoguess":false,"backafterrebirth":false,"autocollectchests":false,"serverhopdelay":5,"autoclaimfish":false,"autobuycratescount":1,"autorebirth":false,"autofish":false,"autoegg":false,"autoserverhoponkick":false,"autobuybackpacks":false,"autoserverhop":false,"autosellmax":0,"webhookurl":"","autoselllocation":"The Overworld","autoforge":false,"hatchwebhookrarities":[],"autobuyboosts":false,"autoeggx3":false,"hatchwebhook":false,"autoloadstart":0,"selectedchests":[],"autothrow":true,"autoclaimspins":false,"autoloadend":5000,"autouseboosts":false,"hatchwebhookuserid":"","statswebhookdelay":30,"factorynumber":1,"autofactory":false,"mineaura":false,"selectedegg":"Basic Egg","factorycrafttype":"Coins","nocrateanim":false,"autoclaimfactory":false,"autoenchantgear":false,"autoenchantgearname":"","autobuytools":false,"autosell":false,"autorejoin":false,"selectedboosts":[]}