{"Misc":{"No Fog":false,"No Soru Cooldown":false,"Infinities Energy":false,"No Dash Cooldown":false,"Fly Speed":1,"Auto Rejoin":true,"Wall-TP":false,"Fly":false,"Infinities Geppo":false},"HUD":{"White Screen":false,"Boost FPS Windows":false,"FPS":60,"LockFPS":false},"Fruits":{"Select Devil Fruits":[],"Auto Store Fruits":false,"Auto Buy Devil Fruits Sniper":false,"Auto Buy Random Fruits":false},"ConfigsUI":{"ColorUI":null},"Raids":{"Auto Awakened":false,"Select Raids":[],"Auto Next Place":false,"Kill Aura":false,"Auto Raids":false},"Mastery":{"Auto Farm Fruit Mastery":false,"Farm Mastery SwordList":false,"Auto Farm Gun Mastery":false,"Select Multi Sword":[],"Mob Health (%)":15},"Teleport":{"Teleport to Sea Beast":false},"Boss":{"Auto Boss Select":false,"Select Boss":[],"Auto Quest":false,"Auto All Boss":false},"Configs":{"Distance Auto Farm":20,"Select Weapon":[],"Bring Mob":true,"Skill X":true,"Show Hitbox":false,"Disabled Damage":false,"Skill V":true,"Skill Z":true,"Bypass TP":false,"Auto Haki":true,"Select Team":["Pirate"],"Fast Attack":true,"Skill C":true,"Fast Attack Type":["Normal"],"Camera Shaker":false,"Double Quest":false},"Main":{"Auto Magma Ore Sea 1":false,"Auto Yama Sword":false,"Auto Buddy Sword":false,"Auto Saber":false,"Auto Magma Ore Sea 2":false,"Auto Fish Tail Sea 1":false,"Auto Tushita Sword":false,"Auto Bartilo Quest":false,"Auto Dough V2":false,"Auto Farm Bone":false,"Auto Dark Dagger":false,"Auto Rengoku":false,"Auto Elite Hunter":false,"Auto Fish Tail Sea 3":false,"Auto Buddy Swords":false,"Auto Farm Level":false,"Auto Ectoplasm":false,"Auto Buy Ablility":false,"Auto Farm Boss Hallow":false,"Auto New World":false,"Auto Cake Prince":false,"Auto Rainbow Haki":false,"Auto Buy Legendary Sword":false,"Auto Pole":false,"Auto Third Sea":false,"Auto True Triple Katana":false,"Fast Auto Farm Level":false,"Auto Random Bone":false,"Auto Serpent Bow":false,"Auto Dark Coat":false,"Auto Holy Torch":false,"Auto Mystic Droplet":false,"Auto Ken-Haki V2":false,"Auto Musketeer Hat":false,"Auto Dragon Scales":false,"Auto Buy Enchanment Haki":false,"Auto Cavander":false,"Auto Swan Glasses":false},"FightingStyle":{"Auto Electric Claw":false,"Auto God Human":false,"Auto Dragon Talon":false,"Auto SharkMan Karate":false,"Auto Fully SharkMan Karate":false,"Auto Fully Death Step":false,"Auto Death Step":false,"Auto Superhuman":false},"Stat":{"Select Level Redeem Code":1,"Select Stats":["Melee"],"Enabled Auto Stats":false,"Enabled Auto Redeem Code":false,"Auto Stats Kaitun":false,"Point Select":3}}