{"StandToggles":{"Cream":true,"Gold Experience":true,"Hermit Purple":true,"The World":true,"Killer Queen":true,"Tusk ACT 1":true,"King Crimson":true,"Star Platinum":true,"Stone Free":true,"Scary Monsters":true,"Whitesnake":true,"Aerosmith":true,"D4C":true,"Red Hot Chili Pepper":true,"Six Pistols":true,"Mr. President":true,"Beach Boy":true,"Silver Chariot":true,"Sticky Fingers":true,"Purple Haze":true,"Crazy Diamond":true,"The World Alternate Universe":true,"The Hand":true,"Hierophant Green":true,"White Album":true,"Magician's Red":true,"Anubis":true},"ItemEsp":[],"ItemToggles":{"Blue Candy":true,"Mysterious Arrow":true,"Rokakaka":true,"Pure Rokakaka":true,"Red Candy":true,"Green Candy":true,"Yellow Candy":true}}