{"esp":{"Outline":false,"TextSize":20,"Color":[1,1,1]},"rejointime":0,"raid":{"autoraid":false,"safezonehp":0},"farm":{"autosw":false,"skhop":false,"sword":false,"autoboss":false,"skfarm":false,"autobossquest":false,"mode":"Above","defense":false,"sboss":"Tashi [Lv. 30]","kioru":false,"Distance":5,"autofarm":false,"melee":false,"df":false,"shtime":5,"ldisabler":false,"bosshop":false,"weapon":"None","lnotifier":false},"togglebind":"RightControl","notify":{"newplayer":false,"playerleft":false,"seabeastspawned":false,"bmreset":false},"iyflyspeed":1,"skills":{"autox":false,"autoe":false,"autoc":false,"autov":false,"autoz":true,"autob":false}}