{"Chest":false,"NoFallDame":false,"AutoBusoQuest":false,"Nodrown":false,"OneClick":false,"AutoKickTimer":15,"DashNoStam":false,"ShipFarm":false,"IslandE":false,"AutoRejoin":false,"SafeMode":false,"RifleKick":false,"AutoStoreDF":false,"AutoStat":{"Defense":false,"GunMastery":false,"Stamina":false,"Strength":false,"SwordMastery":false},"MentionEveryone":false,"AutoBuso":false,"Farm":false,"FarmPath":"1-500 at Fishman","AutoKick":false,"KillCannon":false,"DFWebHook":false,"BusoMethod":"Enable When Stand Near Mob","vt":92}