{"Toggles":{"InfGeppo":false,"Auto_Meteorite":false,"Auto_Dragon_Scale":false,"Mob_Aura":false,"SoruAim":false,"AutoFarmBoss":false,"AutoStats_Melee":false,"Auto_Gunpowder":false,"Auto_Vampire_Fang":false,"AutoStats_Gun":false,"Auto_Fish_Tail":false,"Auto_Farm_Observation_Haki_Rejoin":false,"Auto_Farm_Observation_Haki":false,"AutoZou":false,"Auto_Mini_Tusk":false,"Bypass_TP":false,"Show_Display_Name":false,"AcceptQuestBoss":false,"Ignore_Allies":false,"AutoSuperhuman":false,"Bring_Mob":true,"AutoSharkmanKarate":false,"LockLevel_Kick":false,"InfSoru":false,"Auto_Ectoplasm":false,"FarmMob":false,"Random_Surprise":false,"ESP_Fruit":false,"AutoElectricClaw":false,"AutoDeathStep":false,"InfEnergy":false,"Auto_MagmaOre":false,"AutoDressrosa":false,"Auto_Next_Island":false,"Auto_Mystic_Drop":false,"ESP_MysticNpcs":false,"BunnyHop":false,"Kill_Aura":false,"AutoGodhuman":false,"AutoStats_Sword":false,"AutoFarm_Quest_Accept":true,"AutoCollectChest":false,"Auto_Active_Buso":true,"Auto_Dark_Fragment":false,"Auto_Demonic_Wisp":false,"Snipe_Fruit":false,"Auto_Active_Ken":true,"AutoFarmAllBoss":false,"Auto_Mastery":false,"CollectFruit":false,"AutoRandomFruit":false,"Auto_Conjured_Cocoa":false,"AutocollectToInventory":false,"AutoDragonTalon":false,"Auto_Pole":false,"Auto_Bones":false,"LockLevel_Close":false,"Auto_Radioactive":false,"Auto_Farm":true,"AutoRaid":false,"FOV_Aim":false,"ESPPlayer":false,"Click_To_TP":false,"AutoAim":false,"AutoStats_Defense":false,"Ignore_Teammate":false,"WalkOnWater":false,"AimFSkill":false,"Auto_Leather_Scrap_Metal":false,"InfDash":false,"Auto_Angel_Wing":false,"Mink_Agility":false,"AutoStats_DevilFruit":false,"Auto_Saber":false,"AutoAwakening":false},"Options":{"AttackDelay":1e-8,"Esp_TeamColor":"1, 1, 1","MasteryFor":"Blox Fruit","FOV_Radius":180,"Lock_Level":2400,"RaidType":false,"SelectWeaponType":"Melee","Esp_FruitColor":"1, 1, 1","Ken_Farm_Active_Delay":120,"SelectBoss":false,"AutoDarkFragmentMode":"While Boss Spawned","SelectMob":false,"Esp_OppositeColor":"1, 1, 1","useSkillAt":1,"SelectFruit":[]}}